,WorkerId,Language,Word,URL,Gender,Native Language,Years Spoken,Number of Languages Spoken,Pronunciations
0,A8VK1FG29SEB,English,to,https://vocaroo.com/i/s1h5V5iouKwv,2,E,O,1,"('queen', 'true', 'who')"
1,A8VK1FG29SEB,English,new,https://vocaroo.com/i/s1VJsFJx9RC2,2,E,O,1,"('none', 'move', 'move')"
2,A8VK1FG29SEB,English,head,https://vocaroo.com/i/s0u4kpPkKS8X,2,E,O,1,"('head', 'head', 'head')"
3,A8VK1FG29SEB,English,main,https://vocaroo.com/i/s1RlsLZ7oi0R,2,E,O,1,"('name', 'main', 'main')"
4,A8VK1FG29SEB,English,notice,https://vocaroo.com/i/s1chIP2E223Q,2,E,O,1,"('lotus', 'notice', 'noted')"
5,A8VK1FG29SEB,English,paint,https://vocaroo.com/i/s0sGtjMYJVGY,2,E,O,1,"('picked', 'hate', 'paint')"
6,A8VK1FG29SEB,English,clothe,https://vocaroo.com/i/s1GvT6YHgOw6,2,E,O,1,"('clothe', 'bride', 'clothe')"
7,A8VK1FG29SEB,English,skin,https://vocaroo.com/i/s0afSbiqmwo0,2,E,O,1,"('slur', 'skin', 'skin')"
8,A8VK1FG29SEB,English,fruit,https://vocaroo.com/i/s0rmcDhAF1MS,2,E,O,1,"('freight', 'white', 'freight')"
9,A8VK1FG29SEB,English,prepare,https://vocaroo.com/i/s1bTMFL3v7HN,2,E,O,1,"('creeper', 'repair', 'prepare')"
12,A3B0AB2C9SIHN,English,stand,https://vocaroo.com/i/s110R70ZeeSa,1,O,1,3,"('stand', 'stand', 'stand')"
14,A3B0AB2C9SIHN,English,voice,https://vocaroo.com/i/s1UuBaJTZIe8,1,O,1,3,"('enough', 'enough', 'enough')"
15,A3B0AB2C9SIHN,English,language,https://vocaroo.com/i/s0d9oqdlMANQ,1,O,1,3,"('language', 'lanuguage', 'language')"
16,A3B0AB2C9SIHN,English,strange,https://vocaroo.com/i/s14qbJdP9YMe,1,O,1,3,"('strange', 'strange', 'strange')"
18,A3B0AB2C9SIHN,English,rich,https://vocaroo.com/i/s0V6LdGveygA,1,O,1,3,"('reach', 'rich', 'rich')"
19,A3B0AB2C9SIHN,English,salt,https://vocaroo.com/i/s1WLLHGuPAuv,1,O,1,3,"('salt', 'salt', 'solve')"
20,A3LR4G1GAG3ID4,English,is,https://vocaroo.com/i/s1bxqUIvyVXC,2,E,O,1,"('is', 'is', 'is')"
21,A3LR4G1GAG3ID4,English,get,https://vocaroo.com/i/s1tX0Szp5IH3,2,E,O,1,"('get', 'gay', 'get')"
22,A3LR4G1GAG3ID4,English,should,https://vocaroo.com/i/s0PBEj95Limn,2,E,O,1,"('shed', 'shuld', 'shed')"
23,A3LR4G1GAG3ID4,English,usual,https://vocaroo.com/i/s1MhC5LPBXoA,2,E,O,1,"('usual', 'usual', 'usual')"
24,A3LR4G1GAG3ID4,English,town,https://vocaroo.com/i/s1b4l7xqnPVn,2,E,O,1,"('town', 'tawn', 'town')"
25,A3LR4G1GAG3ID4,English,ball,https://vocaroo.com/i/s1tzB3fyQrF4,2,E,O,1,"('ball', 'boul', 'ball')"
26,A3LR4G1GAG3ID4,English,baby,https://vocaroo.com/i/s17HaD4MOmTG,2,E,O,1,"('baby', 'baby', 'baby')"
27,A3LR4G1GAG3ID4,English,trade,https://vocaroo.com/i/s09IuJTcXQ3K,2,E,O,1,"('trade', 'trait', 'trade')"
28,A3LR4G1GAG3ID4,English,process,https://vocaroo.com/i/s0M0QC5ztkjn,2,E,O,1,"('process', 'process', 'process')"
29,A3LR4G1GAG3ID4,English,anger,https://vocaroo.com/i/s0QFnRZHaLkC,2,E,O,1,"('anger', 'anger', 'anger')"
30,A1KXEU42PFNSPT,English,he,https://vocaroo.com/i/s0FUjgnPAvlW,2,E,O,1,"('tear', 'keep', 'eat')"
31,A1KXEU42PFNSPT,English,where,https://vocaroo.com/i/s1QKP37ViE0C,2,E,O,1,"('where', 'wear', 'where')"
32,A1KXEU42PFNSPT,English,school,https://vocaroo.com/i/s1wkWZyjm2qY,2,E,O,1,"('school', 'school', 'school')"
33,A1KXEU42PFNSPT,English,ever,https://vocaroo.com/i/s0LLATkVupKk,2,E,O,1,"('ever', 'other', 'ever')"
34,A1KXEU42PFNSPT,English,fall,https://vocaroo.com/i/s0mYzQGozsVR,2,E,O,1,"('fall', 'fall', 'pole')"
35,A1KXEU42PFNSPT,English,heart,https://vocaroo.com/i/s0F8CltNTaVf,2,E,O,1,"('part', 'hot', 'hurt')"
36,A1KXEU42PFNSPT,English,root,https://vocaroo.com/i/s129H1kPNZ5A,2,E,O,1,"('root', 'wind', 'rude')"
37,A1KXEU42PFNSPT,English,receive,https://vocaroo.com/i/s1Zjm0QbEe5g,2,E,O,1,"('receive', 'receive', 'receive')"
38,A1KXEU42PFNSPT,English,sharp,https://vocaroo.com/i/s1pazHAyRuYO,2,E,O,1,"('sharp', 'sharp', 'shark')"
39,A1KXEU42PFNSPT,English,sugar,https://vocaroo.com/i/s0H4STLRonVR,2,E,O,1,"('sugar', 'sugar', 'sugar')"
40,A3TEVNU2YYO1VH,English,be,https://vocaroo.com/i/s0ZYZtSCISxA,2,O,O,3,"('be', 'bee', 'bee')"
41,A3TEVNU2YYO1VH,English,every,https://vocaroo.com/i/s1bM5poknSE2,2,O,O,3,"('every', 'every', 'every')"
42,A3TEVNU2YYO1VH,English,between,https://vocaroo.com/i/s1yNDMzz1uMT,2,O,O,3,"('between', 'between', 'between')"
43,A3TEVNU2YYO1VH,English,family,https://vocaroo.com/i/s1LMnLDIjzwD,2,O,O,3,"('family', 'family', 'family')"
44,A3TEVNU2YYO1VH,English,box,https://vocaroo.com/i/s171RycpbKNb,2,O,O,3,"('box', 'box', 'box')"
45,A3TEVNU2YYO1VH,English,material,https://vocaroo.com/i/s0aYKTyMAlks,2,O,O,3,"('material', 'material', 'mah-terial')"
46,A3TEVNU2YYO1VH,English,shall,https://vocaroo.com/i/s12E4Tt7ag1F,2,O,O,3,"('show', 'shell', 'shaow')"
47,A3TEVNU2YYO1VH,English,wrote,https://vocaroo.com/i/s1ViZKKH1r9r,2,O,O,3,"('vote', 'wrote', 'boat')"
48,A3TEVNU2YYO1VH,English,poem,https://vocaroo.com/i/s1UOm8UWUHgP,2,O,O,3,"('plan', 'poem', 'po-em')"
49,A3TEVNU2YYO1VH,English,branch,https://vocaroo.com/i/s1CJOMyJwT18,2,O,O,3,"('french', 'branch', 'lunch')"
50,A3LR4G1GAG3ID4,English,at,https://vocaroo.com/i/s1YN6u1Zjhnw,2,E,O,1,"('at', 'add', 'at')"
51,A3LR4G1GAG3ID4,English,good,https://vocaroo.com/i/s0Gyh9pZdRNl,2,E,O,1,"('good', 'good', 'good')"
52,A3LR4G1GAG3ID4,English,state,https://vocaroo.com/i/s1zy1JwTEcjY,2,E,O,1,"('state', 'stay', 'state')"
54,A3LR4G1GAG3ID4,English,noun,https://vocaroo.com/i/s0npwkFFPHJm,2,E,O,1,"('noun', 'now', 'noun')"
56,A3LR4G1GAG3ID4,English,held,https://vocaroo.com/i/s1vBiC4nWPFs,2,E,O,1,"('held', 'hold', 'held')"
58,A3LR4G1GAG3ID4,English,string,https://vocaroo.com/i/s1bpNdUKCIYU,2,E,O,1,"('string', 'string', 'string')"
59,A3LR4G1GAG3ID4,English,match,https://vocaroo.com/i/s1nQANayc5Jd,2,E,O,1,"('match', 'match', 'match')"
60,A3LR4G1GAG3ID4,English,had,https://vocaroo.com/i/s08MbgavuXUm,2,E,O,1,"('had', 'had', 'hot')"
61,A3LR4G1GAG3ID4,English,very,https://vocaroo.com/i/s05IG552FJfh,2,E,O,1,"('fairy', 'very', 'very')"
63,A3LR4G1GAG3ID4,English,product,https://vocaroo.com/i/s143PncaVdnZ,2,E,O,1,"('products', 'product', 'product')"
64,A3LR4G1GAG3ID4,English,done,https://vocaroo.com/i/s1bwTz4seIf9,2,E,O,1,"('done', 'done', 'done')"
66,A3LR4G1GAG3ID4,English,result,https://vocaroo.com/i/s02qJooO5CTJ,2,E,O,1,"('result', 'result', 'result')"
68,A3LR4G1GAG3ID4,English,famous,https://vocaroo.com/i/s03arg6J5I1F,2,E,O,1,"('famous', 'famous', 'famous')"
69,A3LR4G1GAG3ID4,English,sister,https://vocaroo.com/i/s05UQfAV4adX,2,E,O,1,"('sister', 'sister', 'sister')"
70,A3LR4G1GAG3ID4,English,but,https://vocaroo.com/i/s0CejiGMSqJb,2,E,O,1,"('bat', 'but', 'file')"
71,A3LR4G1GAG3ID4,English,sentence,https://vocaroo.com/i/s0OSnZHtgVYz,2,E,O,1,"('sentence', 'sentence', 'sentence')"
72,A3LR4G1GAG3ID4,English,farm,https://vocaroo.com/i/s13vOK5pQi7W,2,E,O,1,"('farm', 'farm', 'for')"
73,A3LR4G1GAG3ID4,English,class,https://vocaroo.com/i/s1z7TAztEKpW,2,E,O,1,"('class', 'class', 'cards')"
74,A3LR4G1GAG3ID4,English,contain,https://vocaroo.com/i/s1lx0sde3z37,2,E,O,1,"('contain', 'contain', 'contain')"
75,A3LR4G1GAG3ID4,English,include,https://vocaroo.com/i/s01yWv7A6nL3,2,E,O,1,"('include', 'include', 'include')"
76,A3LR4G1GAG3ID4,English,cat,https://vocaroo.com/i/s00mYIJkcH3c,2,E,O,1,"('cat', 'tot', 'cat')"
77,A3LR4G1GAG3ID4,English,blow,https://vocaroo.com/i/s15bH6rz61Xg,2,E,O,1,"('blow', 'blow', 'flow')"
78,A3LR4G1GAG3ID4,English,sight,https://vocaroo.com/i/s0HWCESABgEt,2,E,O,1,"('sight', 'sight', 'side')"
79,A3LR4G1GAG3ID4,English,similar,https://vocaroo.com/i/s1p43J6OoAQy,2,E,O,1,"('similar', 'similar', 'similiar')"
80,A3LR4G1GAG3ID4,English,we,https://vocaroo.com/i/s0sjfmLxkA6c,2,E,O,1,"('we', 'nan', 'we')"
81,A3LR4G1GAG3ID4,English,say,https://vocaroo.com/i/s1KJKpiYBqaT,2,E,O,1,"('say', 'say', 'say')"
82,A3LR4G1GAG3ID4,English,might,https://vocaroo.com/i/s1m6r4bEiEeO,2,E,O,1,"('might', 'might', 'nan', 'nan', 'might', 'might')"
83,A3LR4G1GAG3ID4,English,happen,https://vocaroo.com/i/s1m6r4bEiEeO,2,E,O,1,"('might', 'might', 'nan', 'nan', 'might', 'might')"
84,A3LR4G1GAG3ID4,English,week,https://vocaroo.com/i/s0kYiUF7SKd7,2,E,O,1,"('week', 'week', 'weak')"
85,A3LR4G1GAG3ID4,English,felt,https://vocaroo.com/i/s1W9mKKoTmG3,2,E,O,1,"('felt', 'shorts', 'faults')"
86,A3LR4G1GAG3ID4,English,type,https://vocaroo.com/i/s08nGxuuUNAJ,2,E,O,1,"('tight', 'type', 'type')"
87,A3LR4G1GAG3ID4,English,touch,https://vocaroo.com/i/s0jtaCEbroOV,2,E,O,1,"('touch', 'touch', 'touch')"
88,A3LR4G1GAG3ID4,English,planet,https://vocaroo.com/i/s01M1MLaTq1C,2,E,O,1,"('planet', 'planet', 'planet')"
89,A3LR4G1GAG3ID4,English,score,https://vocaroo.com/i/s1ilccAlkrit,2,E,O,1,"('score', 'score', 'score')"
90,A3B0AB2C9SIHN,English,can,https://vocaroo.com/i/s15kSvwoCWWP,1,O,1,3,"('can', 'can')"
91,A3B0AB2C9SIHN,English,help,https://vocaroo.com/i/s1iqAknGeRUN,1,O,1,3,"('help', 'help')"
92,A3B0AB2C9SIHN,English,story,https://vocaroo.com/i/s1FGTlPpKNdN,1,O,1,3,"('story', 'story')"
93,A3B0AB2C9SIHN,English,complete,https://vocaroo.com/i/s0zo9PDU2Q4w,1,O,1,3,"('complete', 'complete')"
94,A3B0AB2C9SIHN,English,final,https://vocaroo.com/i/s0BpVRlLaFHb,1,O,1,3,"('finance', 'final')"
95,A3B0AB2C9SIHN,English,perhaps,https://vocaroo.com/i/s1szMqbGYaUl,1,O,1,3,"('perhaps', 'perhaps')"
96,A3B0AB2C9SIHN,English,law,https://vocaroo.com/i/s1YslrFkLr9X,1,O,1,3,"('law', 'law')"
97,A3B0AB2C9SIHN,English,grew,https://vocaroo.com/i/s0Bj4P9eXuhS,1,O,1,3,"('groom', 'grew')"
98,A3B0AB2C9SIHN,English,hurry,https://vocaroo.com/i/s1ZsfizYxhrG,1,O,1,3,"('hurry', 'hurry')"
99,A3B0AB2C9SIHN,English,apple,https://vocaroo.com/i/s1OmMWllSksR,1,O,1,3,"('apple', 'apple')"
101,A3LR4G1GAG3ID4,English,differ,https://vocaroo.com/i/s0R2n5GvxJhq,2,E,O,1,"('differ', 'differ', 'differ')"
102,A3LR4G1GAG3ID4,English,sea,https://vocaroo.com/i/s16ugLGFAhI5,2,E,O,1,"('see', 'sea', 'see')"
103,A3LR4G1GAG3ID4,English,half,https://vocaroo.com/i/s0MUv3Qgwuvt,2,E,O,1,"('half', 'half', 'half')"
104,A3LR4G1GAG3ID4,English,oh,https://vocaroo.com/i/s1RnOBs6b5cn,2,E,O,1,"('owe', 'all', 'oh')"
105,A3LR4G1GAG3ID4,English,count,https://vocaroo.com/i/s1CjZcCsjS3p,2,E,O,1,"('count', 'count', 'count')"
106,A3LR4G1GAG3ID4,English,copy,https://vocaroo.com/i/s1G4qlqI58xc,2,E,O,1,"('copy', 'copy', 'copy')"
107,A3LR4G1GAG3ID4,English,team,https://vocaroo.com/i/s0JkqD1EdHOu,2,E,O,1,"('team', 'team', 'team')"
108,A3LR4G1GAG3ID4,English,clock,https://vocaroo.com/i/s16Bf1TTEVzX,2,E,O,1,"('clock', 'clock', 'clock')"
109,A3LR4G1GAG3ID4,English,pitch,https://vocaroo.com/i/s1p7FeEyy294,2,E,O,1,"('pitch', 'pitch', 'pitch')"
111,A8VK1FG29SEB,English,turn,https://vocaroo.com/i/s0Bh8wx3kgNk,2,E,O,1,"('turn', 'turn', 'turn')"
112,A8VK1FG29SEB,English,draw,https://vocaroo.com/i/s1p6uPeXJjaC,2,E,O,1,"('draw', 'draw', 'draw')"
115,A8VK1FG29SEB,English,square,https://vocaroo.com/i/s0nqwTdq9Kv4,2,E,O,1,"('square', 'square', 'square')"
116,A8VK1FG29SEB,English,phrase,https://vocaroo.com/i/s0hjf1fZMf1B,2,E,O,1,"('phrase', 'phrase', 'friend')"
117,A8VK1FG29SEB,English,wire,https://vocaroo.com/i/s1wIdkrQCkYK,2,E,O,1,"('lire', 'wire', 'louder')"
118,A8VK1FG29SEB,English,mine,https://vocaroo.com/i/s0NaoxMhkQQ4,2,E,O,1,"('mine', 'mine', 'mom')"
120,A8VK1FG29SEB,English,when,https://vocaroo.com/i/s01Uf6EUIZZ7,2,E,O,1,"('been', 'when', 'when')"
121,A8VK1FG29SEB,English,much,https://vocaroo.com/i/s0C6oTszxQ44,2,E,O,1,"('much', 'much', 'much')"
122,A8VK1FG29SEB,English,late,https://vocaroo.com/i/s1fXIjXLhzww,2,E,O,1,"('late', 'night', 'rate')"
123,A8VK1FG29SEB,English,fire,https://vocaroo.com/i/s0yUj23gPw4Y,2,E,O,1,"('fire', 'fire', 'fire')"
124,A8VK1FG29SEB,English,ocean,https://vocaroo.com/i/s153Hgl5p9ge,2,E,O,1,"('ocean', 'ocean', 'ocean')"
126,A8VK1FG29SEB,English,tall,https://vocaroo.com/i/s1zr5NGjO6Ic,2,E,O,1,"('tall', 'tie', 'tall')"
127,A8VK1FG29SEB,English,lost,https://vocaroo.com/i/s1G2Rh94KfdS,2,E,O,1,"('lost', 'laugh', 'lot')"
128,A8VK1FG29SEB,English,enter,https://vocaroo.com/i/s1jzbhuGy4Dg,2,E,O,1,"('enter', 'enter', 'enter')"
129,A8VK1FG29SEB,English,card,https://vocaroo.com/i/s1vJhAfh29uj,2,E,O,1,"('card', 'art', 'hard')"
130,A8VK1FG29SEB,English,she,https://vocaroo.com/i/s08h3Ql7aU2O,2,E,O,1,"('she', 'she', 'she')"
131,A8VK1FG29SEB,English,same,https://vocaroo.com/i/s1UHXBhr4h7N,2,E,O,1,"('same', 'sane', 'same')"
132,A8VK1FG29SEB,English,life,https://vocaroo.com/i/s1xWAmpSDGXA,2,E,O,1,"('light', 'life', 'light')"
133,A8VK1FG29SEB,English,top,https://vocaroo.com/i/s1dFv2eZIPfO,2,E,O,1,"('top', 'top', 'top')"
134,A8VK1FG29SEB,English,clear,https://vocaroo.com/i/s1xqZveoofGD,2,E,O,1,"('clear', 'clear', 'corrier')"
135,A8VK1FG29SEB,English,bed,https://vocaroo.com/i/s0UQZiInnMSu,2,E,O,1,"('bed', 'bed', 'bed')"
136,A8VK1FG29SEB,English,fight,https://vocaroo.com/i/s1wBdNSAOSaW,2,E,O,1,"('bite', 'fight', 'bite')"
137,A8VK1FG29SEB,English,fit,https://vocaroo.com/i/s1arcScfjhvc,2,E,O,1,"('fit', 'fit', 'bit')"
138,A8VK1FG29SEB,English,print,https://vocaroo.com/i/s0Vud3fnG9Zq,2,E,O,1,"('reads', 'print', 'mint')"
139,A8VK1FG29SEB,English,feed,https://vocaroo.com/i/s0qcAavs8fSD,2,E,O,1,"('heed', 'feed', 'aid')"
140,A3LR4G1GAG3ID4,English,their,https://vocaroo.com/i/s1RHzfYpYjbZ,2,E,O,1,"('there', 'there', 'air')"
141,A3LR4G1GAG3ID4,English,set,https://vocaroo.com/i/s08bsK1OXHRU,2,E,O,1,"('sat', 'set', 'sat')"
142,A3LR4G1GAG3ID4,English,open,https://vocaroo.com/i/s0kx2MyHDR6n,2,E,O,1,"('open', 'open', 'open')"
143,A3LR4G1GAG3ID4,English,space,https://vocaroo.com/i/s0G42JyTU0Gq,2,E,O,1,"('space', 'space', 'space')"
144,A3LR4G1GAG3ID4,English,fact,https://vocaroo.com/i/s1HVoBO6eZmA,2,E,O,1,"('fact', 'fact', 'fact')"
145,A3LR4G1GAG3ID4,English,ride,https://vocaroo.com/i/s0mJrIXPppNe,2,E,O,1,"('ride', 'ride', 'ride')"
146,A3LR4G1GAG3ID4,English,excite,https://vocaroo.com/i/s1QbzXfZwGfI,2,E,O,1,"('excite', 'excite', 'exite')"
147,A3LR4G1GAG3ID4,English,bank,https://vocaroo.com/i/s1K5B1jS5FbO,2,E,O,1,"('bank', 'bank', 'thanks')"
148,A3LR4G1GAG3ID4,English,desert,https://vocaroo.com/i/s1HtAURmlN9M,2,E,O,1,"('desert', 'desert', 'dessert')"
149,A3LR4G1GAG3ID4,English,basic,https://vocaroo.com/i/s0kFJMU7Vhq6,2,E,O,1,"('basic', 'basic', 'basic')"
150,A3B0AB2C9SIHN,English,time,https://vocaroo.com/i/s1Zw8zYKDONG,1,O,1,3,"('am', 'time', 'tme')"
151,A3B0AB2C9SIHN,English,three,https://vocaroo.com/i/s0OVuryWG6e7,1,O,1,3,"('green', 'three', 'three')"
152,A3B0AB2C9SIHN,English,seem,https://vocaroo.com/i/s09VAjMgLy3f,1,O,1,3,"('seem', 'seen', 'seem')"
153,A3B0AB2C9SIHN,English,heard,https://vocaroo.com/i/s0yggGwmBOYo,1,O,1,3,"('healo', 'hear', 'heard')"
154,A3B0AB2C9SIHN,English,street,https://vocaroo.com/i/s1enSz2yeA1a,1,O,1,3,"('screed', 'spreed', 'street')"
155,A3B0AB2C9SIHN,English,cell,https://vocaroo.com/i/s0VMIj99Kc7e,1,O,1,3,"('cell', 'sale', 'cell')"
156,A3B0AB2C9SIHN,English,natural,https://vocaroo.com/i/s14368SrqEYg,1,O,1,3,"('natural', 'natural', 'natural')"
157,A3B0AB2C9SIHN,English,collect,https://vocaroo.com/i/s0wZIXaSK2x9,1,O,1,3,"('collect', 'culap', 'collect')"
158,A3B0AB2C9SIHN,English,suit,https://vocaroo.com/i/s0StgZUorGWR,1,O,1,3,"('cubed', 'fute', 'suit')"
159,A3B0AB2C9SIHN,English,smell,https://vocaroo.com/i/s0WySHP4LyaB,1,O,1,3,"('smooth', 'smell', 'smell')"
160,A3LR4G1GAG3ID4,English,if,https://vocaroo.com/i/s1mQnGxZK6b1,2,E,O,1,"('if', 'if', 'f')"
161,A3LR4G1GAG3ID4,English,want,https://vocaroo.com/i/s0yJwHQ5EdQf,2,E,O,1,"('want', 'launch', 'want')"
162,A3LR4G1GAG3ID4,English,together,https://vocaroo.com/i/s1iA2Uy3UowO,2,E,O,1,"('together', 'together', 'together')"
163,A3LR4G1GAG3ID4,English,best,https://vocaroo.com/i/s063VuOgqyxO,2,E,O,1,"('best', 'best', 'best')"
164,A3LR4G1GAG3ID4,English,inch,https://vocaroo.com/i/s05PeTkOQvQO,2,E,O,1,"('inch', 'inch', 'inch')"
165,A3LR4G1GAG3ID4,English,believe,https://vocaroo.com/i/s00YtCnTDUi5,2,E,O,1,"('believe', 'believe', 'believe')"
166,A3LR4G1GAG3ID4,English,view,https://vocaroo.com/i/s0q5WVsOA0D0,2,E,O,1,"('view', 'view', 'view')"
167,A3LR4G1GAG3ID4,English,save,https://vocaroo.com/i/s1LtEyezfQpu,2,E,O,1,"('save', 'save', 'save')"
168,A3LR4G1GAG3ID4,English,current,https://vocaroo.com/i/s1QLUw9ZcCaH,2,E,O,1,"('current', 'current', 'current')"
169,A3LR4G1GAG3ID4,English,valley,https://vocaroo.com/i/s1kB3wn4wArx,2,E,O,1,"('valley', 'valley', 'valley')"
170,A3LR4G1GAG3ID4,English,will,https://vocaroo.com/i/s1ppKWVvuKlD,2,E,O,1,"('well', 'well', 'will')"
171,A3LR4G1GAG3ID4,English,air,https://vocaroo.com/i/s02UhNsKf1dY,2,E,O,1,"('ear', 'air', 'air')"
172,A3LR4G1GAG3ID4,English,next,https://vocaroo.com/i/s1Yq6fNdfBrh,2,E,O,1,"('next', 'next', 'next')"
173,A3LR4G1GAG3ID4,English,hour,https://vocaroo.com/i/s0bcpsxbhMlI,2,E,O,1,"('or', 'hour', 'hour')"
174,A3LR4G1GAG3ID4,English,multiply,https://vocaroo.com/i/s1pLqIJmZoQH,2,E,O,1,"('multiply', 'multiply', 'multiply')"
175,A3LR4G1GAG3ID4,English,fraction,https://vocaroo.com/i/s0AHbjbPjr1c,2,E,O,1,"('fraction', 'fraction', 'fraction')"
176,A3LR4G1GAG3ID4,English,sense,https://vocaroo.com/i/s0ijv9gUHKZD,2,E,O,1,"('sam', 'sense', 'cents')"
177,A3LR4G1GAG3ID4,English,control,https://vocaroo.com/i/s00WqhOEnd89,2,E,O,1,"('control', 'control', 'control')"
178,A3LR4G1GAG3ID4,English,lift,https://vocaroo.com/i/s1K86oir0I7B,2,E,O,1,"('lift', 'lift', 'lift')"
179,A3LR4G1GAG3ID4,English,nor,https://vocaroo.com/i/s1jSp4vuodcD,2,E,O,1,"('nor', 'nor', 'nor')"
180,A3LR4G1GAG3ID4,English,like,https://vocaroo.com/i/s1JHvzOyiUXq,2,E,O,1,"('white', 'like', 'mic')"
181,A3LR4G1GAG3ID4,English,read,https://vocaroo.com/i/s0g7VHvwyETz,2,E,O,1,"('read', 'read', 'read')"
182,A3LR4G1GAG3ID4,English,paper,https://vocaroo.com/i/s0XJE0ibtKJE,2,E,O,1,"('paper', 'paper', 'paper')"
183,A3LR4G1GAG3ID4,English,early,https://vocaroo.com/i/s1HJ0moHqbQc,2,E,O,1,"('alley', 'early', 'early')"
184,A3LR4G1GAG3ID4,English,object,https://vocaroo.com/i/s1vppgFGI8CS,2,E,O,1,"('object', 'object', 'objects')"
185,A3LR4G1GAG3ID4,English,sleep,https://vocaroo.com/i/s1iK7G3K1905,2,E,O,1,"('sweep', 'sleep', 'sleep')"
186,A3LR4G1GAG3ID4,English,son,https://vocaroo.com/i/s1YR6SeYWjxD,2,E,O,1,"('swan', 'sun', 'sun')"
187,A3LR4G1GAG3ID4,English,doctor,https://vocaroo.com/i/s0F76GrArltD,2,E,O,1,"('doctor', 'doctor', 'doctor')"
188,A3LR4G1GAG3ID4,English,company,https://vocaroo.com/i/s0w6NOqtocd1,2,E,O,1,"('company', 'company', 'company')"
189,A3LR4G1GAG3ID4,English,division,https://vocaroo.com/i/s18642qQxX1j,2,E,O,1,"('division', 'division', 'division')"
190,A3LR4G1GAG3ID4,English,so,https://vocaroo.com/i/s0BNdvHYSL2J,2,E,O,1,"('so', 'solve', 'so')"
191,A3LR4G1GAG3ID4,English,hand,https://vocaroo.com/i/s1imWU5ZZQkN,2,E,O,1,"('hand', 'hand', 'hint')"
192,A3LR4G1GAG3ID4,English,group,https://vocaroo.com/i/s1HyuCbzeEki,2,E,O,1,"('group', 'group', 'group')"
193,A3LR4G1GAG3ID4,English,hold,https://vocaroo.com/i/s1OVOBWi7u80,2,E,O,1,"('hold', 'hold', 'holt')"
194,A3LR4G1GAG3ID4,English,decide,https://vocaroo.com/i/s14vDYEGZUE6,2,E,O,1,"('decide', 'decide', 'decide')"
195,A3LR4G1GAG3ID4,English,prove,https://vocaroo.com/i/s0KTLK11AXD9,2,E,O,1,"('prove', 'prove', 'prove')"
196,A3LR4G1GAG3ID4,English,lake,https://vocaroo.com/i/s0DCbWyyE6pX,2,E,O,1,"('lake', 'lake', 'lake')"
197,A3LR4G1GAG3ID4,English,please,https://vocaroo.com/i/s0RbgaYyBzGy,2,E,O,1,"('please', 'please', 'please')"
198,A3LR4G1GAG3ID4,English,subtract,https://vocaroo.com/i/s1buHg3vEyn4,2,E,O,1,"('subtract', 'subtract', 'subtract')"
199,A3LR4G1GAG3ID4,English,sheet,https://vocaroo.com/i/s0cvOoCm3CAh,2,E,O,1,"('sheep', 'seat', 'sheep')"
200,A3LR4G1GAG3ID4,English,make,https://vocaroo.com/i/s0yn6xbjMd9y,2,E,O,1,"('make', 'mate', 'make')"
201,A3LR4G1GAG3ID4,English,add,https://vocaroo.com/i/s0VqnCGn1RQj,2,E,O,1,"('add', 'add', 'ad')"
202,A3LR4G1GAG3ID4,English,both,https://vocaroo.com/i/s1X4HdAIix9D,2,E,O,1,"('both', 'both', 'both')"
203,A3LR4G1GAG3ID4,English,reach,https://vocaroo.com/i/s1mykHD68FmJ,2,E,O,1,"('reach', 'reach', 'reach')"
204,A3LR4G1GAG3ID4,English,island,https://vocaroo.com/i/s0UneWrUTU4k,2,E,O,1,"('island', 'island', 'island')"
205,A3LR4G1GAG3ID4,English,wall,https://vocaroo.com/i/s01J1WvGzQyj,2,E,O,1,"('wall', 'wall', 'wall')"
206,A3LR4G1GAG3ID4,English,spring,https://vocaroo.com/i/s0STYQfvzgZ4,2,E,O,1,"('spring', 'spring', 'spring')"
207,A3LR4G1GAG3ID4,English,locate,https://vocaroo.com/i/s0pnRsSXCOEF,2,E,O,1,"('locate', 'locate', 'locate')"
208,A3LR4G1GAG3ID4,English,swim,https://vocaroo.com/i/s1GyrXeHkJLK,2,E,O,1,"('swim', 'swim', 'swim')"
209,A3LR4G1GAG3ID4,English,post,https://vocaroo.com/i/s1oufM9zA40h,2,E,O,1,"('post', 'post', 'post')"
210,A3LR4G1GAG3ID4,English,see,https://vocaroo.com/i/s1PwZEMll5yj,2,E,O,1,"('see', 'fee', 'see')"
211,A3LR4G1GAG3ID4,English,land,https://vocaroo.com/i/s1aXlAo6Yzd9,2,E,O,1,"('land', 'land', 'land')"
212,A3LR4G1GAG3ID4,English,often,https://vocaroo.com/i/s1I2dptqQFkm,2,E,O,1,"('often', 'often', 'often')"
213,A3LR4G1GAG3ID4,English,verb,https://vocaroo.com/i/s0TxOlPel59F,2,E,O,1,"('verb', 'perv', 'verb')"
214,A3LR4G1GAG3ID4,English,system,https://vocaroo.com/i/s0qz8w1rcMYo,2,E,O,1,"('system', 'system', 'system')"
215,A3LR4G1GAG3ID4,English,mount,https://vocaroo.com/i/s1Gibb6hWSyY,2,E,O,1,"('mount', 'melts', 'mount')"
216,A3LR4G1GAG3ID4,English,child,https://vocaroo.com/i/s0gzvu1cFYhM,2,E,O,1,"('child', 'child', 'child')"
217,A3LR4G1GAG3ID4,English,character,https://vocaroo.com/i/s1Jxl7rJo4F5,2,E,O,1,"('character', 'character', 'character')"
218,A3LR4G1GAG3ID4,English,opposite,https://vocaroo.com/i/s0zsedTG1r9X,2,E,O,1,"('opposite', 'opposite', 'opposite')"
219,A3LR4G1GAG3ID4,English,chord,https://vocaroo.com/i/s1SM8s4vrL6m,2,E,O,1,"('cord', 'court', 'cord')"
221,A1291TUWDF9HUX,English,here,https://vocaroo.com/i/s0Fwp70aMS6V,1,E,O,1,"('here', 'hear', 'here')"
222,A1291TUWDF9HUX,English,letter,https://vocaroo.com/i/s0pqVQx7zO1L,1,E,O,1,"('letter', 'letter', 'ledder')"
224,A1291TUWDF9HUX,English,busy,https://vocaroo.com/i/s0GsDJf2ED90,1,E,O,1,"('busy', 'busy', 'bizy')"
225,A1291TUWDF9HUX,English,wish,https://vocaroo.com/i/s1Z17qarFofm,1,E,O,1,"('wish', 'wish', 'whish')"
226,A1291TUWDF9HUX,English,straight,https://vocaroo.com/i/s0WpRhfSk70q,1,E,O,1,"('street', 'straight', 'strayt')"
228,A1291TUWDF9HUX,English,wife,https://vocaroo.com/i/s1Pql8bbl6Ck,1,E,O,1,"('wife', 'wife', 'wyff')"
229,A1291TUWDF9HUX,English,fat,https://vocaroo.com/i/s1DOmeh4hgyw,1,E,O,1,"('fat', 'fat', 'fat')"
230,A8VK1FG29SEB,English,more,https://vocaroo.com/i/s0vkuChr7EdX,2,E,O,1,"('more', 'more')"
231,A8VK1FG29SEB,English,such,https://vocaroo.com/i/s16A9e5kE2k8,2,E,O,1,"('such', 'such')"
232,A8VK1FG29SEB,English,car,https://vocaroo.com/i/s0KOrosfhHWb,2,E,O,1,"('car', 'car')"
233,A8VK1FG29SEB,English,travel,https://vocaroo.com/i/s1WvtcZdXOK3,2,E,O,1,"('travel', 'travel')"
234,A8VK1FG29SEB,English,common,https://vocaroo.com/i/s1EjnWiWSZHg,2,E,O,1,"('common', 'common')"
235,A8VK1FG29SEB,English,winter,https://vocaroo.com/i/s1uu6iMmeui3,2,E,O,1,"('winter', 'winter')"
236,A8VK1FG29SEB,English,milk,https://vocaroo.com/i/s1S6jL9qCwPb,2,E,O,1,"('milk', 'milk')"
237,A8VK1FG29SEB,English,radio,https://vocaroo.com/i/s1qL2VzsJuE6,2,E,O,1,"('burial', 'radio')"
238,A8VK1FG29SEB,English,arrange,https://vocaroo.com/i/s0Quia8EdRPb,2,E,O,1,"('arrange', 'arrange')"
239,A8VK1FG29SEB,English,station,https://vocaroo.com/i/s1LSaGSS6VVD,2,E,O,1,"('station', 'station')"
240,A8VK1FG29SEB,English,day,https://vocaroo.com/i/s0oWx86AlOR4,2,E,O,1,"('day', 'bell', 'down')"
241,A8VK1FG29SEB,English,follow,https://vocaroo.com/i/s0Jh8vPNiy3v,2,E,O,1,"('follow', 'follow', 'through')"
242,A8VK1FG29SEB,English,feet,https://vocaroo.com/i/s0CTrGPJtoWJ,2,E,O,1,"('feet', 'peach', 'pigs')"
244,A8VK1FG29SEB,English,gold,https://vocaroo.com/i/s1CHx9oxwlDL,2,E,O,1,"('gold', 'gold', 'gourd')"
245,A8VK1FG29SEB,English,sat,https://vocaroo.com/i/s1Qubrv6pSaa,2,E,O,1,"('sat', 'sat', 'sacked')"
246,A8VK1FG29SEB,English,speed,https://vocaroo.com/i/s06q4B5XfQvb,2,E,O,1,"('speed', 'speed', 'speed')"
247,A8VK1FG29SEB,English,spoke,https://vocaroo.com/i/s0priUV3S6qZ,2,E,O,1,"('spoke', 'spoke', 'spoke')"
248,A8VK1FG29SEB,English,camp,https://vocaroo.com/i/s0P5vvlwhRDe,2,E,O,1,"('camp', 'clock', 'cap')"
249,A8VK1FG29SEB,English,dad,https://vocaroo.com/i/s0FaWuervtRu,2,E,O,1,"('dad', 'dad', 'dad')"
250,A3LR4G1GAG3ID4,English,go,https://vocaroo.com/i/s0ah6xf84Bcx,2,E,O,1,"('go', 'go', 'gulp')"
251,A3LR4G1GAG3ID4,English,why,https://vocaroo.com/i/s0XcLnHoP4qJ,2,E,O,1,"('lie', 'lie', 'lie')"
252,A3LR4G1GAG3ID4,English,second,https://vocaroo.com/i/s1zSG1MypAXp,2,E,O,1,"('seconds', 'second', 'second')"
253,A3LR4G1GAG3ID4,English,ten,https://vocaroo.com/i/s0cACR5ORnFi,2,E,O,1,"('ten', 'ten', 'ten')"
254,A3LR4G1GAG3ID4,English,plane,https://vocaroo.com/i/s0zCQhvFUiGy,2,E,O,1,"('clean', 'plain', 'plane')"
255,A3LR4G1GAG3ID4,English,wild,https://vocaroo.com/i/s1nOGGvSxc1R,2,E,O,1,"('wild', 'wild', 'wild')"
256,A3LR4G1GAG3ID4,English,organ,https://vocaroo.com/i/s19IoAryqk7v,2,E,O,1,"('gorden', 'organ', 'organ')"
257,A3LR4G1GAG3ID4,English,human,https://vocaroo.com/i/s0uaek6ONOU9,2,E,O,1,"('human', 'human', 'human')"
258,A3LR4G1GAG3ID4,English,cotton,https://vocaroo.com/i/s0ibVAJnT9hF,2,E,O,1,"('cotton', 'cotton', 'cotton')"
259,A3LR4G1GAG3ID4,English,charge,https://vocaroo.com/i/s0xmfbDRqpnG,2,E,O,1,"('charge', 'charge', 'church')"
260,A3TEVNU2YYO1VH,English,people,https://vocaroo.com/i/s0dmTl14Ww4m,2,O,O,3,"('people', 'people', 'people')"
261,A3TEVNU2YYO1VH,English,off,https://vocaroo.com/i/s03ktQkdBAf0,2,O,O,3,"('offer', 'exact', 'offer')"
262,A3TEVNU2YYO1VH,English,friend,https://vocaroo.com/i/s06xTgPLi0YW,2,O,O,3,"('friend', 'friend', 'friend')"
263,A3TEVNU2YYO1VH,English,against,https://vocaroo.com/i/s1MgzOmit7fB,2,O,O,3,"('against', 'against', 'against')"
264,A3TEVNU2YYO1VH,English,ran,https://vocaroo.com/i/s1GewRbs9Zkv,2,O,O,3,"('ren', 'then', 'rain')"
265,A3TEVNU2YYO1VH,English,edge,https://vocaroo.com/i/s0qV7esiXJ0I,2,O,O,3,"('edge', 'edge', 'edge')"
266,A3TEVNU2YYO1VH,English,quiet,https://vocaroo.com/i/s0OOlIuIcMHD,2,O,O,3,"('quiet', 'quite', 'quiet')"
267,A3TEVNU2YYO1VH,English,element,https://vocaroo.com/i/s01JnFDV69V1,2,O,O,3,"('element', 'element', 'element')"
268,A3TEVNU2YYO1VH,English,level,https://vocaroo.com/i/s1Eqkrsl4YBY,2,O,O,3,"('level', 'eleven', 'eleven')"
269,A3TEVNU2YYO1VH,English,instant,https://vocaroo.com/i/s1prMZV07Kle,2,O,O,3,"('instant', 'instant', 'instant')"
270,A1KXEU42PFNSPT,English,water,https://vocaroo.com/i/s1zdtMU95gxQ,2,E,O,1,"('water', 'water', 'water')"
271,A1KXEU42PFNSPT,English,try,https://vocaroo.com/i/s0Bml6Qi1RjP,2,E,O,1,"('try', 'try', 'try')"
272,A1KXEU42PFNSPT,English,mountain,https://vocaroo.com/i/s16Q0YaD8yF7,2,E,O,1,"('mountain', 'mountain', 'mountain')"
273,A1KXEU42PFNSPT,English,love,https://vocaroo.com/i/s0EsraUnYhXQ,2,E,O,1,"('love', 'love', 'walks')"
274,A1KXEU42PFNSPT,English,equate,https://vocaroo.com/i/s1JaWihzt8Vo,2,E,O,1,"('equate', 'equal', 'equate')"
275,A1KXEU42PFNSPT,English,soft,https://vocaroo.com/i/s1dO5N7X79QX,2,E,O,1,"('soft', 'soft', 'soft')"
276,A1KXEU42PFNSPT,English,cool,https://vocaroo.com/i/s0EMLHTQ75R2,2,E,O,1,"('cool', 'cool', 'cool')"
277,A1KXEU42PFNSPT,English,party,https://vocaroo.com/i/s12wM0adG3Kv,2,E,O,1,"('party', 'party', 'party')"
278,A1KXEU42PFNSPT,English,stretch,https://vocaroo.com/i/s1Pr7i7nNguX,2,E,O,1,"('stretch', 'srtetch', 'stretch')"
279,A1KXEU42PFNSPT,English,chick,https://vocaroo.com/i/s0lbEii10Hoa,2,E,O,1,"('chick', 'chick', 'check')"
280,A3LR4G1GAG3ID4,English,call,https://vocaroo.com/i/s0YFluIhnkcI,2,E,O,1,"('call', 'cop', 'call')"
281,A3LR4G1GAG3ID4,English,again,https://vocaroo.com/i/s03CQ4WHwrwL,2,E,O,1,"('again', 'again', 'again')"
282,A3LR4G1GAG3ID4,English,once,https://vocaroo.com/i/s0Y6ZbLNdn5u,2,E,O,1,"('wants', 'once', 'once')"
283,A3LR4G1GAG3ID4,English,money,https://vocaroo.com/i/s1BCZEEmExqs,2,E,O,1,"('money', 'many', 'money')"
284,A3LR4G1GAG3ID4,English,miss,https://vocaroo.com/i/s0yPis0rX51e,2,E,O,1,"('nest', 'miss', 'miss')"
285,A3LR4G1GAG3ID4,English,bright,https://vocaroo.com/i/s1k9CUFMMrKj,2,E,O,1,"('break', 'braid', 'bright')"
286,A3LR4G1GAG3ID4,English,poor,https://vocaroo.com/i/s1O82vMJlkFT,2,E,O,1,"('poor', 'poor', 'poor')"
287,A3LR4G1GAG3ID4,English,bone,https://vocaroo.com/i/s12QDynM2HBB,2,E,O,1,"('bomb', 'bon', 'bon')"
288,A3LR4G1GAG3ID4,English,shine,https://vocaroo.com/i/s0QuAVnRx72p,2,E,O,1,"('shine', 'sign', 'shine')"
289,A3LR4G1GAG3ID4,English,enemy,https://vocaroo.com/i/s0ergY7Y4e39,2,E,O,1,"('enemy', 'enemy', 'enemy')"
290,A399EU2DBGY1A7,English,side,https://vocaroo.com/i/s0DQFMyZkSXz,2,E,O,1,"('side', 'side', 'side')"
291,A399EU2DBGY1A7,English,near,https://vocaroo.com/i/s08PnQVZLYEc,2,E,O,1,"('mirror', 'mirror', 'near')"
292,A399EU2DBGY1A7,English,sure,https://vocaroo.com/i/s0GJoawG4ab2,2,E,O,1,"('sure', 'sure', 'sure')"
293,A399EU2DBGY1A7,English,rain,https://vocaroo.com/i/s1V9VJKHgQ2P,2,E,O,1,"('rain', 'rain', 'rain')"
294,A399EU2DBGY1A7,English,bring,https://vocaroo.com/i/s03nDzi9mTuu,2,E,O,1,"('bring', 'bring', 'bring')"
295,A399EU2DBGY1A7,English,bear,https://vocaroo.com/i/s1a2biogEIce,2,E,O,1,"('bear', 'bear', 'bear')"
296,A399EU2DBGY1A7,English,iron,https://vocaroo.com/i/s0ftNVRLEdY8,2,E,O,1,"('iron', 'iron', 'iron')"
297,A399EU2DBGY1A7,English,thus,https://vocaroo.com/i/s0s0r0nHOSm3,2,E,O,1,"('thus', 'thus', 'thus')"
298,A399EU2DBGY1A7,English,wrong,https://vocaroo.com/i/s1qvlRHOrmDb,2,E,O,1,"('wrong', 'wrong', 'wrong')"
299,A399EU2DBGY1A7,English,speech,https://vocaroo.com/i/s05E45nUJjhY,2,E,O,1,"('speech', 'speech', 'speach')"
300,A3LR4G1GAG3ID4,English,neck,https://vocaroo.com/i/s1f4bRpvpbZn,2,E,O,1,"('neck', 'neck', 'neck')"
301,A3LR4G1GAG3ID4,English,shell,https://vocaroo.com/i/s0y9uvX1JgeK,2,E,O,1,"('show', 'shell', 'sure')"
302,A3LR4G1GAG3ID4,English,teeth,https://vocaroo.com/i/s0PMvy0arVVH,2,E,O,1,"('chief', 'teeth', 'teeth')"
303,A3LR4G1GAG3ID4,English,quotient,https://vocaroo.com/i/s0AE5WA3L0LU,2,E,O,1,"('ocean', 'quotient', 'caution')"
304,A3LR4G1GAG3ID4,English,meant,https://vocaroo.com/i/s06TTHS4ZHSL,2,E,O,1,"('mans', 'meant', 'meant')"
305,A3LR4G1GAG3ID4,English,log,https://vocaroo.com/i/s0DQS04egevm,2,E,O,1,"('clock', 'log', 'yug')"
306,A3LR4G1GAG3ID4,English,liquid,https://vocaroo.com/i/s1Ad3m8bL6oK,2,E,O,1,"('liquid', 'liquid', 'liquid')"
307,A3LR4G1GAG3ID4,English,path,https://vocaroo.com/i/s1fxigbEcXTU,2,E,O,1,"('task', 'path', 'path')"
308,A3LR4G1GAG3ID4,English,motion,https://vocaroo.com/i/s1s194xMpcDW,2,E,O,1,"('motion', 'motion', 'motion')"
309,A3LR4G1GAG3ID4,English,steam,https://vocaroo.com/i/s1LP4MypXAEw,2,E,O,1,"('stream', 'steam', 'steam')"
